3166-1-alpha-2,3166-1-alpha-3,worldpop_population_map,key
AF,AFG,ftp://ftp.worldpop.org.uk/GIS/Population/Global_2000_2020/2020/AFG/afg_ppp_2020.tif,AF
AL,ALB,ftp://ftp.worldpop.org.uk/GIS/Population/Global_2000_2020/2020/ALB/alb_ppp_2020.tif,AL
DZ,DZA,ftp://ftp.worldpop.org.uk/GIS/Population/Global_2000_2020/2020/DZA/dza_ppp_2020.tif,DZ
AS,ASM,ftp://ftp.worldpop.org.uk/GIS/Population/Global_2000_2020/2020/ASM/asm_ppp_2020.tif,AS
AD,AND,ftp://ftp.worldpop.org.uk/GIS/Population/Global_2000_2020/2020/AND/and_ppp_2020.tif,AD
AO,AGO,ftp://ftp.worldpop.org.uk/GIS/Population/Global_2000_2020/2020/AGO/ago_ppp_2020.tif,AO
AI,AIA,ftp://ftp.worldpop.org.uk/GIS/Population/Global_2000_2020/2020/AIA/aia_ppp_2020.tif,AI
AQ,ATA,ftp://ftp.worldpop.org.uk/GIS/Population/Global_2000_2020/2020/ATA/ata_ppp_2020.tif,AQ
AG,ATG,ftp://ftp.worldpop.org.uk/GIS/Population/Global_2000_2020/2020/ATG/atg_ppp_2020.tif,AG
AR,ARG,ftp://ftp.worldpop.org.uk/GIS/Population/Global_2000_2020/2020/ARG/arg_ppp_2020.tif,AR
AM,ARM,ftp://ftp.worldpop.org.uk/GIS/Population/Global_2000_2020/2020/ARM/arm_ppp_2020.tif,AM
AW,ABW,ftp://ftp.worldpop.org.uk/GIS/Population/Global_2000_2020/2020/ABW/abw_ppp_2020.tif,AW
AU,AUS,ftp://ftp.worldpop.org.uk/GIS/Population/Global_2000_2020/2020/AUS/aus_ppp_2020.tif,AU
AT,AUT,ftp://ftp.worldpop.org.uk/GIS/Population/Global_2000_2020/2020/AUT/aut_ppp_2020.tif,AT
AZ,AZE,ftp://ftp.worldpop.org.uk/GIS/Population/Global_2000_2020/2020/AZE/aze_ppp_2020.tif,AZ
BS,BHS,ftp://ftp.worldpop.org.uk/GIS/Population/Global_2000_2020/2020/BHS/bhs_ppp_2020.tif,BS
BH,BHR,ftp://ftp.worldpop.org.uk/GIS/Population/Global_2000_2020/2020/BHR/bhr_ppp_2020.tif,BH
BD,BGD,ftp://ftp.worldpop.org.uk/GIS/Population/Global_2000_2020/2020/BGD/bgd_ppp_2020.tif,BD
BB,BRB,ftp://ftp.worldpop.org.uk/GIS/Population/Global_2000_2020/2020/BRB/brb_ppp_2020.tif,BB
BY,BLR,ftp://ftp.worldpop.org.uk/GIS/Population/Global_2000_2020/2020/BLR/blr_ppp_2020.tif,BY
BE,BEL,ftp://ftp.worldpop.org.uk/GIS/Population/Global_2000_2020/2020/BEL/bel_ppp_2020.tif,BE
BZ,BLZ,ftp://ftp.worldpop.org.uk/GIS/Population/Global_2000_2020/2020/BLZ/blz_ppp_2020.tif,BZ
BJ,BEN,ftp://ftp.worldpop.org.uk/GIS/Population/Global_2000_2020/2020/BEN/ben_ppp_2020.tif,BJ
BM,BMU,ftp://ftp.worldpop.org.uk/GIS/Population/Global_2000_2020/2020/BMU/bmu_ppp_2020.tif,BM
BT,BTN,ftp://ftp.worldpop.org.uk/GIS/Population/Global_2000_2020/2020/BTN/btn_ppp_2020.tif,BT
BO,BOL,ftp://ftp.worldpop.org.uk/GIS/Population/Global_2000_2020/2020/BOL/bol_ppp_2020.tif,BO
BQ,BES,ftp://ftp.worldpop.org.uk/GIS/Population/Global_2000_2020/2020/BES/bes_ppp_2020.tif,BQ
BA,BIH,ftp://ftp.worldpop.org.uk/GIS/Population/Global_2000_2020/2020/BIH/bih_ppp_2020.tif,BA
BW,BWA,ftp://ftp.worldpop.org.uk/GIS/Population/Global_2000_2020/2020/BWA/bwa_ppp_2020.tif,BW
BV,BVT,ftp://ftp.worldpop.org.uk/GIS/Population/Global_2000_2020/2020/BVT/bvt_ppp_2020.tif,BV
BR,BRA,ftp://ftp.worldpop.org.uk/GIS/Population/Global_2000_2020/2020/BRA/bra_ppp_2020.tif,BR
IO,IOT,ftp://ftp.worldpop.org.uk/GIS/Population/Global_2000_2020/2020/IOT/iot_ppp_2020.tif,IO
BN,BRN,ftp://ftp.worldpop.org.uk/GIS/Population/Global_2000_2020/2020/BRN/brn_ppp_2020.tif,BN
BG,BGR,ftp://ftp.worldpop.org.uk/GIS/Population/Global_2000_2020/2020/BGR/bgr_ppp_2020.tif,BG
BF,BFA,ftp://ftp.worldpop.org.uk/GIS/Population/Global_2000_2020/2020/BFA/bfa_ppp_2020.tif,BF
BI,BDI,ftp://ftp.worldpop.org.uk/GIS/Population/Global_2000_2020/2020/BDI/bdi_ppp_2020.tif,BI
CV,CPV,ftp://ftp.worldpop.org.uk/GIS/Population/Global_2000_2020/2020/CPV/cpv_ppp_2020.tif,CV
KH,KHM,ftp://ftp.worldpop.org.uk/GIS/Population/Global_2000_2020/2020/KHM/khm_ppp_2020.tif,KH
CM,CMR,ftp://ftp.worldpop.org.uk/GIS/Population/Global_2000_2020/2020/CMR/cmr_ppp_2020.tif,CM
CA,CAN,ftp://ftp.worldpop.org.uk/GIS/Population/Global_2000_2020/2020/CAN/can_ppp_2020.tif,CA
KY,CYM,ftp://ftp.worldpop.org.uk/GIS/Population/Global_2000_2020/2020/CYM/cym_ppp_2020.tif,KY
CF,CAF,ftp://ftp.worldpop.org.uk/GIS/Population/Global_2000_2020/2020/CAF/caf_ppp_2020.tif,CF
TD,TCD,ftp://ftp.worldpop.org.uk/GIS/Population/Global_2000_2020/2020/TCD/tcd_ppp_2020.tif,TD
CL,CHL,ftp://ftp.worldpop.org.uk/GIS/Population/Global_2000_2020/2020/CHL/chl_ppp_2020.tif,CL
CN,CHN,ftp://ftp.worldpop.org.uk/GIS/Population/Global_2000_2020/2020/CHN/chn_ppp_2020.tif,CN
CX,CXR,ftp://ftp.worldpop.org.uk/GIS/Population/Global_2000_2020/2020/CXR/cxr_ppp_2020.tif,CX
CC,CCK,ftp://ftp.worldpop.org.uk/GIS/Population/Global_2000_2020/2020/CCK/cck_ppp_2020.tif,CC
CO,COL,ftp://ftp.worldpop.org.uk/GIS/Population/Global_2000_2020/2020/COL/col_ppp_2020.tif,CO
KM,COM,ftp://ftp.worldpop.org.uk/GIS/Population/Global_2000_2020/2020/COM/com_ppp_2020.tif,KM
CD,COD,ftp://ftp.worldpop.org.uk/GIS/Population/Global_2000_2020/2020/COD/cod_ppp_2020.tif,CD
CG,COG,ftp://ftp.worldpop.org.uk/GIS/Population/Global_2000_2020/2020/COG/cog_ppp_2020.tif,CG
CK,COK,ftp://ftp.worldpop.org.uk/GIS/Population/Global_2000_2020/2020/COK/cok_ppp_2020.tif,CK
CR,CRI,ftp://ftp.worldpop.org.uk/GIS/Population/Global_2000_2020/2020/CRI/cri_ppp_2020.tif,CR
HR,HRV,ftp://ftp.worldpop.org.uk/GIS/Population/Global_2000_2020/2020/HRV/hrv_ppp_2020.tif,HR
CU,CUB,ftp://ftp.worldpop.org.uk/GIS/Population/Global_2000_2020/2020/CUB/cub_ppp_2020.tif,CU
CW,CUW,ftp://ftp.worldpop.org.uk/GIS/Population/Global_2000_2020/2020/CUW/cuw_ppp_2020.tif,CW
CY,CYP,ftp://ftp.worldpop.org.uk/GIS/Population/Global_2000_2020/2020/CYP/cyp_ppp_2020.tif,CY
CZ,CZE,ftp://ftp.worldpop.org.uk/GIS/Population/Global_2000_2020/2020/CZE/cze_ppp_2020.tif,CZ
CI,CIV,ftp://ftp.worldpop.org.uk/GIS/Population/Global_2000_2020/2020/CIV/civ_ppp_2020.tif,CI
DK,DNK,ftp://ftp.worldpop.org.uk/GIS/Population/Global_2000_2020/2020/DNK/dnk_ppp_2020.tif,DK
DJ,DJI,ftp://ftp.worldpop.org.uk/GIS/Population/Global_2000_2020/2020/DJI/dji_ppp_2020.tif,DJ
DM,DMA,ftp://ftp.worldpop.org.uk/GIS/Population/Global_2000_2020/2020/DMA/dma_ppp_2020.tif,DM
DO,DOM,ftp://ftp.worldpop.org.uk/GIS/Population/Global_2000_2020/2020/DOM/dom_ppp_2020.tif,DO
EC,ECU,ftp://ftp.worldpop.org.uk/GIS/Population/Global_2000_2020/2020/ECU/ecu_ppp_2020.tif,EC
EG,EGY,ftp://ftp.worldpop.org.uk/GIS/Population/Global_2000_2020/2020/EGY/egy_ppp_2020.tif,EG
SV,SLV,ftp://ftp.worldpop.org.uk/GIS/Population/Global_2000_2020/2020/SLV/slv_ppp_2020.tif,SV
GQ,GNQ,ftp://ftp.worldpop.org.uk/GIS/Population/Global_2000_2020/2020/GNQ/gnq_ppp_2020.tif,GQ
ER,ERI,ftp://ftp.worldpop.org.uk/GIS/Population/Global_2000_2020/2020/ERI/eri_ppp_2020.tif,ER
EE,EST,ftp://ftp.worldpop.org.uk/GIS/Population/Global_2000_2020/2020/EST/est_ppp_2020.tif,EE
SZ,SWZ,ftp://ftp.worldpop.org.uk/GIS/Population/Global_2000_2020/2020/SWZ/swz_ppp_2020.tif,SZ
ET,ETH,ftp://ftp.worldpop.org.uk/GIS/Population/Global_2000_2020/2020/ETH/eth_ppp_2020.tif,ET
FK,FLK,ftp://ftp.worldpop.org.uk/GIS/Population/Global_2000_2020/2020/FLK/flk_ppp_2020.tif,FK
FO,FRO,ftp://ftp.worldpop.org.uk/GIS/Population/Global_2000_2020/2020/FRO/fro_ppp_2020.tif,FO
FJ,FJI,ftp://ftp.worldpop.org.uk/GIS/Population/Global_2000_2020/2020/FJI/fji_ppp_2020.tif,FJ
FI,FIN,ftp://ftp.worldpop.org.uk/GIS/Population/Global_2000_2020/2020/FIN/fin_ppp_2020.tif,FI
FR,FRA,ftp://ftp.worldpop.org.uk/GIS/Population/Global_2000_2020/2020/FRA/fra_ppp_2020.tif,FR
GF,GUF,ftp://ftp.worldpop.org.uk/GIS/Population/Global_2000_2020/2020/GUF/guf_ppp_2020.tif,GF
PF,PYF,ftp://ftp.worldpop.org.uk/GIS/Population/Global_2000_2020/2020/PYF/pyf_ppp_2020.tif,PF
TF,ATF,ftp://ftp.worldpop.org.uk/GIS/Population/Global_2000_2020/2020/ATF/atf_ppp_2020.tif,TF
GA,GAB,ftp://ftp.worldpop.org.uk/GIS/Population/Global_2000_2020/2020/GAB/gab_ppp_2020.tif,GA
GM,GMB,ftp://ftp.worldpop.org.uk/GIS/Population/Global_2000_2020/2020/GMB/gmb_ppp_2020.tif,GM
GE,GEO,ftp://ftp.worldpop.org.uk/GIS/Population/Global_2000_2020/2020/GEO/geo_ppp_2020.tif,GE
DE,DEU,ftp://ftp.worldpop.org.uk/GIS/Population/Global_2000_2020/2020/DEU/deu_ppp_2020.tif,DE
GH,GHA,ftp://ftp.worldpop.org.uk/GIS/Population/Global_2000_2020/2020/GHA/gha_ppp_2020.tif,GH
GI,GIB,ftp://ftp.worldpop.org.uk/GIS/Population/Global_2000_2020/2020/GIB/gib_ppp_2020.tif,GI
GR,GRC,ftp://ftp.worldpop.org.uk/GIS/Population/Global_2000_2020/2020/GRC/grc_ppp_2020.tif,GR
GL,GRL,ftp://ftp.worldpop.org.uk/GIS/Population/Global_2000_2020/2020/GRL/grl_ppp_2020.tif,GL
GD,GRD,ftp://ftp.worldpop.org.uk/GIS/Population/Global_2000_2020/2020/GRD/grd_ppp_2020.tif,GD
GP,GLP,ftp://ftp.worldpop.org.uk/GIS/Population/Global_2000_2020/2020/GLP/glp_ppp_2020.tif,GP
GU,GUM,ftp://ftp.worldpop.org.uk/GIS/Population/Global_2000_2020/2020/GUM/gum_ppp_2020.tif,GU
GT,GTM,ftp://ftp.worldpop.org.uk/GIS/Population/Global_2000_2020/2020/GTM/gtm_ppp_2020.tif,GT
GG,GGY,ftp://ftp.worldpop.org.uk/GIS/Population/Global_2000_2020/2020/GGY/ggy_ppp_2020.tif,GG
GN,GIN,ftp://ftp.worldpop.org.uk/GIS/Population/Global_2000_2020/2020/GIN/gin_ppp_2020.tif,GN
GW,GNB,ftp://ftp.worldpop.org.uk/GIS/Population/Global_2000_2020/2020/GNB/gnb_ppp_2020.tif,GW
GY,GUY,ftp://ftp.worldpop.org.uk/GIS/Population/Global_2000_2020/2020/GUY/guy_ppp_2020.tif,GY
HT,HTI,ftp://ftp.worldpop.org.uk/GIS/Population/Global_2000_2020/2020/HTI/hti_ppp_2020.tif,HT
HM,HMD,ftp://ftp.worldpop.org.uk/GIS/Population/Global_2000_2020/2020/HMD/hmd_ppp_2020.tif,HM
VA,VAT,ftp://ftp.worldpop.org.uk/GIS/Population/Global_2000_2020/2020/VAT/vat_ppp_2020.tif,VA
HN,HND,ftp://ftp.worldpop.org.uk/GIS/Population/Global_2000_2020/2020/HND/hnd_ppp_2020.tif,HN
HK,HKG,ftp://ftp.worldpop.org.uk/GIS/Population/Global_2000_2020/2020/HKG/hkg_ppp_2020.tif,HK
HU,HUN,ftp://ftp.worldpop.org.uk/GIS/Population/Global_2000_2020/2020/HUN/hun_ppp_2020.tif,HU
IS,ISL,ftp://ftp.worldpop.org.uk/GIS/Population/Global_2000_2020/2020/ISL/isl_ppp_2020.tif,IS
IN,IND,ftp://ftp.worldpop.org.uk/GIS/Population/Global_2000_2020/2020/IND/ind_ppp_2020.tif,IN
ID,IDN,ftp://ftp.worldpop.org.uk/GIS/Population/Global_2000_2020/2020/IDN/idn_ppp_2020.tif,ID
IR,IRN,ftp://ftp.worldpop.org.uk/GIS/Population/Global_2000_2020/2020/IRN/irn_ppp_2020.tif,IR
IQ,IRQ,ftp://ftp.worldpop.org.uk/GIS/Population/Global_2000_2020/2020/IRQ/irq_ppp_2020.tif,IQ
IE,IRL,ftp://ftp.worldpop.org.uk/GIS/Population/Global_2000_2020/2020/IRL/irl_ppp_2020.tif,IE
IM,IMN,ftp://ftp.worldpop.org.uk/GIS/Population/Global_2000_2020/2020/IMN/imn_ppp_2020.tif,IM
IL,ISR,ftp://ftp.worldpop.org.uk/GIS/Population/Global_2000_2020/2020/ISR/isr_ppp_2020.tif,IL
IT,ITA,ftp://ftp.worldpop.org.uk/GIS/Population/Global_2000_2020/2020/ITA/ita_ppp_2020.tif,IT
JM,JAM,ftp://ftp.worldpop.org.uk/GIS/Population/Global_2000_2020/2020/JAM/jam_ppp_2020.tif,JM
JP,JPN,ftp://ftp.worldpop.org.uk/GIS/Population/Global_2000_2020/2020/JPN/jpn_ppp_2020.tif,JP
JE,JEY,ftp://ftp.worldpop.org.uk/GIS/Population/Global_2000_2020/2020/JEY/jey_ppp_2020.tif,JE
JO,JOR,ftp://ftp.worldpop.org.uk/GIS/Population/Global_2000_2020/2020/JOR/jor_ppp_2020.tif,JO
KZ,KAZ,ftp://ftp.worldpop.org.uk/GIS/Population/Global_2000_2020/2020/KAZ/kaz_ppp_2020.tif,KZ
KE,KEN,ftp://ftp.worldpop.org.uk/GIS/Population/Global_2000_2020/2020/KEN/ken_ppp_2020.tif,KE
KI,KIR,ftp://ftp.worldpop.org.uk/GIS/Population/Global_2000_2020/2020/KIR/kir_ppp_2020.tif,KI
KP,PRK,ftp://ftp.worldpop.org.uk/GIS/Population/Global_2000_2020/2020/PRK/prk_ppp_2020.tif,KP
KR,KOR,ftp://ftp.worldpop.org.uk/GIS/Population/Global_2000_2020/2020/KOR/kor_ppp_2020.tif,KR
KW,KWT,ftp://ftp.worldpop.org.uk/GIS/Population/Global_2000_2020/2020/KWT/kwt_ppp_2020.tif,KW
KG,KGZ,ftp://ftp.worldpop.org.uk/GIS/Population/Global_2000_2020/2020/KGZ/kgz_ppp_2020.tif,KG
LA,LAO,ftp://ftp.worldpop.org.uk/GIS/Population/Global_2000_2020/2020/LAO/lao_ppp_2020.tif,LA
LV,LVA,ftp://ftp.worldpop.org.uk/GIS/Population/Global_2000_2020/2020/LVA/lva_ppp_2020.tif,LV
LB,LBN,ftp://ftp.worldpop.org.uk/GIS/Population/Global_2000_2020/2020/LBN/lbn_ppp_2020.tif,LB
LS,LSO,ftp://ftp.worldpop.org.uk/GIS/Population/Global_2000_2020/2020/LSO/lso_ppp_2020.tif,LS
LR,LBR,ftp://ftp.worldpop.org.uk/GIS/Population/Global_2000_2020/2020/LBR/lbr_ppp_2020.tif,LR
LY,LBY,ftp://ftp.worldpop.org.uk/GIS/Population/Global_2000_2020/2020/LBY/lby_ppp_2020.tif,LY
LI,LIE,ftp://ftp.worldpop.org.uk/GIS/Population/Global_2000_2020/2020/LIE/lie_ppp_2020.tif,LI
LT,LTU,ftp://ftp.worldpop.org.uk/GIS/Population/Global_2000_2020/2020/LTU/ltu_ppp_2020.tif,LT
LU,LUX,ftp://ftp.worldpop.org.uk/GIS/Population/Global_2000_2020/2020/LUX/lux_ppp_2020.tif,LU
MO,MAC,ftp://ftp.worldpop.org.uk/GIS/Population/Global_2000_2020/2020/MAC/mac_ppp_2020.tif,MO
MG,MDG,ftp://ftp.worldpop.org.uk/GIS/Population/Global_2000_2020/2020/MDG/mdg_ppp_2020.tif,MG
MW,MWI,ftp://ftp.worldpop.org.uk/GIS/Population/Global_2000_2020/2020/MWI/mwi_ppp_2020.tif,MW
MY,MYS,ftp://ftp.worldpop.org.uk/GIS/Population/Global_2000_2020/2020/MYS/mys_ppp_2020.tif,MY
MV,MDV,ftp://ftp.worldpop.org.uk/GIS/Population/Global_2000_2020/2020/MDV/mdv_ppp_2020.tif,MV
ML,MLI,ftp://ftp.worldpop.org.uk/GIS/Population/Global_2000_2020/2020/MLI/mli_ppp_2020.tif,ML
MT,MLT,ftp://ftp.worldpop.org.uk/GIS/Population/Global_2000_2020/2020/MLT/mlt_ppp_2020.tif,MT
MH,MHL,ftp://ftp.worldpop.org.uk/GIS/Population/Global_2000_2020/2020/MHL/mhl_ppp_2020.tif,MH
MQ,MTQ,ftp://ftp.worldpop.org.uk/GIS/Population/Global_2000_2020/2020/MTQ/mtq_ppp_2020.tif,MQ
MR,MRT,ftp://ftp.worldpop.org.uk/GIS/Population/Global_2000_2020/2020/MRT/mrt_ppp_2020.tif,MR
MU,MUS,ftp://ftp.worldpop.org.uk/GIS/Population/Global_2000_2020/2020/MUS/mus_ppp_2020.tif,MU
YT,MYT,ftp://ftp.worldpop.org.uk/GIS/Population/Global_2000_2020/2020/MYT/myt_ppp_2020.tif,YT
MX,MEX,ftp://ftp.worldpop.org.uk/GIS/Population/Global_2000_2020/2020/MEX/mex_ppp_2020.tif,MX
FM,FSM,ftp://ftp.worldpop.org.uk/GIS/Population/Global_2000_2020/2020/FSM/fsm_ppp_2020.tif,FM
MD,MDA,ftp://ftp.worldpop.org.uk/GIS/Population/Global_2000_2020/2020/MDA/mda_ppp_2020.tif,MD
MC,MCO,ftp://ftp.worldpop.org.uk/GIS/Population/Global_2000_2020/2020/MCO/mco_ppp_2020.tif,MC
MN,MNG,ftp://ftp.worldpop.org.uk/GIS/Population/Global_2000_2020/2020/MNG/mng_ppp_2020.tif,MN
ME,MNE,ftp://ftp.worldpop.org.uk/GIS/Population/Global_2000_2020/2020/MNE/mne_ppp_2020.tif,ME
MS,MSR,ftp://ftp.worldpop.org.uk/GIS/Population/Global_2000_2020/2020/MSR/msr_ppp_2020.tif,MS
MA,MAR,ftp://ftp.worldpop.org.uk/GIS/Population/Global_2000_2020/2020/MAR/mar_ppp_2020.tif,MA
MZ,MOZ,ftp://ftp.worldpop.org.uk/GIS/Population/Global_2000_2020/2020/MOZ/moz_ppp_2020.tif,MZ
MM,MMR,ftp://ftp.worldpop.org.uk/GIS/Population/Global_2000_2020/2020/MMR/mmr_ppp_2020.tif,MM
"NA",NAM,ftp://ftp.worldpop.org.uk/GIS/Population/Global_2000_2020/2020/NAM/nam_ppp_2020.tif,NA
NR,NRU,ftp://ftp.worldpop.org.uk/GIS/Population/Global_2000_2020/2020/NRU/nru_ppp_2020.tif,NR
NP,NPL,ftp://ftp.worldpop.org.uk/GIS/Population/Global_2000_2020/2020/NPL/npl_ppp_2020.tif,NP
NL,NLD,ftp://ftp.worldpop.org.uk/GIS/Population/Global_2000_2020/2020/NLD/nld_ppp_2020.tif,NL
NC,NCL,ftp://ftp.worldpop.org.uk/GIS/Population/Global_2000_2020/2020/NCL/ncl_ppp_2020.tif,NC
NZ,NZL,ftp://ftp.worldpop.org.uk/GIS/Population/Global_2000_2020/2020/NZL/nzl_ppp_2020.tif,NZ
NI,NIC,ftp://ftp.worldpop.org.uk/GIS/Population/Global_2000_2020/2020/NIC/nic_ppp_2020.tif,NI
NE,NER,ftp://ftp.worldpop.org.uk/GIS/Population/Global_2000_2020/2020/NER/ner_ppp_2020.tif,NE
NG,NGA,ftp://ftp.worldpop.org.uk/GIS/Population/Global_2000_2020/2020/NGA/nga_ppp_2020.tif,NG
NU,NIU,ftp://ftp.worldpop.org.uk/GIS/Population/Global_2000_2020/2020/NIU/niu_ppp_2020.tif,NU
NF,NFK,ftp://ftp.worldpop.org.uk/GIS/Population/Global_2000_2020/2020/NFK/nfk_ppp_2020.tif,NF
MP,MNP,ftp://ftp.worldpop.org.uk/GIS/Population/Global_2000_2020/2020/MNP/mnp_ppp_2020.tif,MP
NO,NOR,ftp://ftp.worldpop.org.uk/GIS/Population/Global_2000_2020/2020/NOR/nor_ppp_2020.tif,NO
OM,OMN,ftp://ftp.worldpop.org.uk/GIS/Population/Global_2000_2020/2020/OMN/omn_ppp_2020.tif,OM
PK,PAK,ftp://ftp.worldpop.org.uk/GIS/Population/Global_2000_2020/2020/PAK/pak_ppp_2020.tif,PK
PW,PLW,ftp://ftp.worldpop.org.uk/GIS/Population/Global_2000_2020/2020/PLW/plw_ppp_2020.tif,PW
PS,PSE,ftp://ftp.worldpop.org.uk/GIS/Population/Global_2000_2020/2020/PSE/pse_ppp_2020.tif,PS
PS,PSE,ftp://ftp.worldpop.org.uk/GIS/Population/Global_2000_2020/2020/PSE/pse_ppp_2020.tif,PS
PA,PAN,ftp://ftp.worldpop.org.uk/GIS/Population/Global_2000_2020/2020/PAN/pan_ppp_2020.tif,PA
PG,PNG,ftp://ftp.worldpop.org.uk/GIS/Population/Global_2000_2020/2020/PNG/png_ppp_2020.tif,PG
PY,PRY,ftp://ftp.worldpop.org.uk/GIS/Population/Global_2000_2020/2020/PRY/pry_ppp_2020.tif,PY
PE,PER,ftp://ftp.worldpop.org.uk/GIS/Population/Global_2000_2020/2020/PER/per_ppp_2020.tif,PE
PH,PHL,ftp://ftp.worldpop.org.uk/GIS/Population/Global_2000_2020/2020/PHL/phl_ppp_2020.tif,PH
PN,PCN,ftp://ftp.worldpop.org.uk/GIS/Population/Global_2000_2020/2020/PCN/pcn_ppp_2020.tif,PN
PL,POL,ftp://ftp.worldpop.org.uk/GIS/Population/Global_2000_2020/2020/POL/pol_ppp_2020.tif,PL
PT,PRT,ftp://ftp.worldpop.org.uk/GIS/Population/Global_2000_2020/2020/PRT/prt_ppp_2020.tif,PT
PR,PRI,ftp://ftp.worldpop.org.uk/GIS/Population/Global_2000_2020/2020/PRI/pri_ppp_2020.tif,PR
QA,QAT,ftp://ftp.worldpop.org.uk/GIS/Population/Global_2000_2020/2020/QAT/qat_ppp_2020.tif,QA
MK,MKD,ftp://ftp.worldpop.org.uk/GIS/Population/Global_2000_2020/2020/MKD/mkd_ppp_2020.tif,MK
RO,ROU,ftp://ftp.worldpop.org.uk/GIS/Population/Global_2000_2020/2020/ROU/rou_ppp_2020.tif,RO
RU,RUS,ftp://ftp.worldpop.org.uk/GIS/Population/Global_2000_2020/2020/RUS/rus_ppp_2020.tif,RU
RW,RWA,ftp://ftp.worldpop.org.uk/GIS/Population/Global_2000_2020/2020/RWA/rwa_ppp_2020.tif,RW
RE,REU,ftp://ftp.worldpop.org.uk/GIS/Population/Global_2000_2020/2020/REU/reu_ppp_2020.tif,RE
SH,SHN,ftp://ftp.worldpop.org.uk/GIS/Population/Global_2000_2020/2020/SHN/shn_ppp_2020.tif,SH
KN,KNA,ftp://ftp.worldpop.org.uk/GIS/Population/Global_2000_2020/2020/KNA/kna_ppp_2020.tif,KN
LC,LCA,ftp://ftp.worldpop.org.uk/GIS/Population/Global_2000_2020/2020/LCA/lca_ppp_2020.tif,LC
PM,SPM,ftp://ftp.worldpop.org.uk/GIS/Population/Global_2000_2020/2020/SPM/spm_ppp_2020.tif,PM
VC,VCT,ftp://ftp.worldpop.org.uk/GIS/Population/Global_2000_2020/2020/VCT/vct_ppp_2020.tif,VC
WS,WSM,ftp://ftp.worldpop.org.uk/GIS/Population/Global_2000_2020/2020/WSM/wsm_ppp_2020.tif,WS
SM,SMR,ftp://ftp.worldpop.org.uk/GIS/Population/Global_2000_2020/2020/SMR/smr_ppp_2020.tif,SM
ST,STP,ftp://ftp.worldpop.org.uk/GIS/Population/Global_2000_2020/2020/STP/stp_ppp_2020.tif,ST
SA,SAU,ftp://ftp.worldpop.org.uk/GIS/Population/Global_2000_2020/2020/SAU/sau_ppp_2020.tif,SA
SN,SEN,ftp://ftp.worldpop.org.uk/GIS/Population/Global_2000_2020/2020/SEN/sen_ppp_2020.tif,SN
RS,SRB,ftp://ftp.worldpop.org.uk/GIS/Population/Global_2000_2020/2020/SRB/srb_ppp_2020.tif,RS
SC,SYC,ftp://ftp.worldpop.org.uk/GIS/Population/Global_2000_2020/2020/SYC/syc_ppp_2020.tif,SC
SL,SLE,ftp://ftp.worldpop.org.uk/GIS/Population/Global_2000_2020/2020/SLE/sle_ppp_2020.tif,SL
SG,SGP,ftp://ftp.worldpop.org.uk/GIS/Population/Global_2000_2020/2020/SGP/sgp_ppp_2020.tif,SG
SX,SXM,ftp://ftp.worldpop.org.uk/GIS/Population/Global_2000_2020/2020/SXM/sxm_ppp_2020.tif,SX
SK,SVK,ftp://ftp.worldpop.org.uk/GIS/Population/Global_2000_2020/2020/SVK/svk_ppp_2020.tif,SK
SI,SVN,ftp://ftp.worldpop.org.uk/GIS/Population/Global_2000_2020/2020/SVN/svn_ppp_2020.tif,SI
SB,SLB,ftp://ftp.worldpop.org.uk/GIS/Population/Global_2000_2020/2020/SLB/slb_ppp_2020.tif,SB
SO,SOM,ftp://ftp.worldpop.org.uk/GIS/Population/Global_2000_2020/2020/SOM/som_ppp_2020.tif,SO
ZA,ZAF,ftp://ftp.worldpop.org.uk/GIS/Population/Global_2000_2020/2020/ZAF/zaf_ppp_2020.tif,ZA
GS,SGS,ftp://ftp.worldpop.org.uk/GIS/Population/Global_2000_2020/2020/SGS/sgs_ppp_2020.tif,GS
SS,SSD,ftp://ftp.worldpop.org.uk/GIS/Population/Global_2000_2020/2020/SSD/ssd_ppp_2020.tif,SS
ES,ESP,ftp://ftp.worldpop.org.uk/GIS/Population/Global_2000_2020/2020/ESP/esp_ppp_2020.tif,ES
LK,LKA,ftp://ftp.worldpop.org.uk/GIS/Population/Global_2000_2020/2020/LKA/lka_ppp_2020.tif,LK
SD,SDN,ftp://ftp.worldpop.org.uk/GIS/Population/Global_2000_2020/2020/SDN/sdn_ppp_2020.tif,SD
SR,SUR,ftp://ftp.worldpop.org.uk/GIS/Population/Global_2000_2020/2020/SUR/sur_ppp_2020.tif,SR
SJ,SJM,ftp://ftp.worldpop.org.uk/GIS/Population/Global_2000_2020/2020/SJM/sjm_ppp_2020.tif,SJ
SE,SWE,ftp://ftp.worldpop.org.uk/GIS/Population/Global_2000_2020/2020/SWE/swe_ppp_2020.tif,SE
CH,CHE,ftp://ftp.worldpop.org.uk/GIS/Population/Global_2000_2020/2020/CHE/che_ppp_2020.tif,CH
SY,SYR,ftp://ftp.worldpop.org.uk/GIS/Population/Global_2000_2020/2020/SYR/syr_ppp_2020.tif,SY
TW,TWN,ftp://ftp.worldpop.org.uk/GIS/Population/Global_2000_2020/2020/TWN/twn_ppp_2020.tif,TW
TJ,TJK,ftp://ftp.worldpop.org.uk/GIS/Population/Global_2000_2020/2020/TJK/tjk_ppp_2020.tif,TJ
TZ,TZA,ftp://ftp.worldpop.org.uk/GIS/Population/Global_2000_2020/2020/TZA/tza_ppp_2020.tif,TZ
TH,THA,ftp://ftp.worldpop.org.uk/GIS/Population/Global_2000_2020/2020/THA/tha_ppp_2020.tif,TH
TL,TLS,ftp://ftp.worldpop.org.uk/GIS/Population/Global_2000_2020/2020/TLS/tls_ppp_2020.tif,TL
TG,TGO,ftp://ftp.worldpop.org.uk/GIS/Population/Global_2000_2020/2020/TGO/tgo_ppp_2020.tif,TG
TK,TKL,ftp://ftp.worldpop.org.uk/GIS/Population/Global_2000_2020/2020/TKL/tkl_ppp_2020.tif,TK
TO,TON,ftp://ftp.worldpop.org.uk/GIS/Population/Global_2000_2020/2020/TON/ton_ppp_2020.tif,TO
TT,TTO,ftp://ftp.worldpop.org.uk/GIS/Population/Global_2000_2020/2020/TTO/tto_ppp_2020.tif,TT
TN,TUN,ftp://ftp.worldpop.org.uk/GIS/Population/Global_2000_2020/2020/TUN/tun_ppp_2020.tif,TN
TR,TUR,ftp://ftp.worldpop.org.uk/GIS/Population/Global_2000_2020/2020/TUR/tur_ppp_2020.tif,TR
TM,TKM,ftp://ftp.worldpop.org.uk/GIS/Population/Global_2000_2020/2020/TKM/tkm_ppp_2020.tif,TM
TC,TCA,ftp://ftp.worldpop.org.uk/GIS/Population/Global_2000_2020/2020/TCA/tca_ppp_2020.tif,TC
TV,TUV,ftp://ftp.worldpop.org.uk/GIS/Population/Global_2000_2020/2020/TUV/tuv_ppp_2020.tif,TV
UG,UGA,ftp://ftp.worldpop.org.uk/GIS/Population/Global_2000_2020/2020/UGA/uga_ppp_2020.tif,UG
UA,UKR,ftp://ftp.worldpop.org.uk/GIS/Population/Global_2000_2020/2020/UKR/ukr_ppp_2020.tif,UA
AE,ARE,ftp://ftp.worldpop.org.uk/GIS/Population/Global_2000_2020/2020/ARE/are_ppp_2020.tif,AE
GB,GBR,ftp://ftp.worldpop.org.uk/GIS/Population/Global_2000_2020/2020/GBR/gbr_ppp_2020.tif,GB
UM,UMI,ftp://ftp.worldpop.org.uk/GIS/Population/Global_2000_2020/2020/UMI/umi_ppp_2020.tif,UM
US,USA,ftp://ftp.worldpop.org.uk/GIS/Population/Global_2000_2020/2020/USA/usa_ppp_2020.tif,US
UY,URY,ftp://ftp.worldpop.org.uk/GIS/Population/Global_2000_2020/2020/URY/ury_ppp_2020.tif,UY
UZ,UZB,ftp://ftp.worldpop.org.uk/GIS/Population/Global_2000_2020/2020/UZB/uzb_ppp_2020.tif,UZ
VU,VUT,ftp://ftp.worldpop.org.uk/GIS/Population/Global_2000_2020/2020/VUT/vut_ppp_2020.tif,VU
VE,VEN,ftp://ftp.worldpop.org.uk/GIS/Population/Global_2000_2020/2020/VEN/ven_ppp_2020.tif,VE
VN,VNM,ftp://ftp.worldpop.org.uk/GIS/Population/Global_2000_2020/2020/VNM/vnm_ppp_2020.tif,VN
VG,VGB,ftp://ftp.worldpop.org.uk/GIS/Population/Global_2000_2020/2020/VGB/vgb_ppp_2020.tif,VG
VI,VIR,ftp://ftp.worldpop.org.uk/GIS/Population/Global_2000_2020/2020/VIR/vir_ppp_2020.tif,VI
WF,WLF,ftp://ftp.worldpop.org.uk/GIS/Population/Global_2000_2020/2020/WLF/wlf_ppp_2020.tif,WF
EH,ESH,ftp://ftp.worldpop.org.uk/GIS/Population/Global_2000_2020/2020/ESH/esh_ppp_2020.tif,EH
YE,YEM,ftp://ftp.worldpop.org.uk/GIS/Population/Global_2000_2020/2020/YEM/yem_ppp_2020.tif,YE
XK,RKS,ftp://ftp.worldpop.org.uk/GIS/Population/Global_2000_2020/2020/RKS/rks_ppp_2020.tif,XK
ZM,ZMB,ftp://ftp.worldpop.org.uk/GIS/Population/Global_2000_2020/2020/ZMB/zmb_ppp_2020.tif,ZM
ZW,ZWE,ftp://ftp.worldpop.org.uk/GIS/Population/Global_2000_2020/2020/ZWE/zwe_ppp_2020.tif,ZW
